Price,Close,High,Low,Open,Volume
Ticker,^CNX100,^CNX100,^CNX100,^CNX100,^CNX100
Date,,,,,
2022-01-03,17874.0,17894.150390625,17651.44921875,17654.44921875,5756800
2022-01-04,18030.94921875,18051.5,17831.5,17934.5,6744900
2022-01-05,18147.5,18164.69921875,17974.900390625,18044.30078125,7898200
2022-01-06,17985.599609375,18025.25,17889.75,17997.599609375,5508600
2022-01-07,18053.94921875,18140.849609375,17944.400390625,18035.69921875,5914700
2022-01-10,18229.099609375,18243.25,18109.75,18146.19921875,5439200
2022-01-11,18275.150390625,18295.0,18181.400390625,18225.69921875,5699300
2022-01-12,18430.25,18443.80078125,18346.94921875,18390.849609375,4923200
2022-01-13,18482.44921875,18495.650390625,18385.0,18478.55078125,6431400
2022-01-14,18485.69921875,18515.099609375,18348.400390625,18411.19921875,4547700
2022-01-17,18543.19921875,18553.400390625,18456.55078125,18471.599609375,4807400
2022-01-18,18331.69921875,18595.150390625,18302.94921875,18577.69921875,5428000
2022-01-19,18179.69921875,18349.55078125,18114.849609375,18349.55078125,6232600
2022-01-20,18021.099609375,18187.599609375,17915.75,18168.25,5146400
2022-01-21,17856.150390625,17953.599609375,17721.30078125,17882.349609375,5843100
2022-01-24,17353.44921875,17841.400390625,17197.0,17821.55078125,8240800
2022-01-25,17489.150390625,17519.599609375,17030.44921875,17200.400390625,6971900
2022-01-27,17302.349609375,17376.849609375,17069.75,17281.69921875,8709300
2022-01-28,17314.69921875,17587.599609375,17289.19921875,17405.55078125,7530700
2022-01-31,17547.400390625,17623.25,17479.650390625,17516.900390625,6439300
2022-02-01,17796.25,17826.150390625,17464.25,17731.55078125,8511600
2022-02-02,17998.75,18012.25,17889.150390625,17920.05078125,6543400
2022-02-03,17794.69921875,17996.30078125,17749.400390625,17985.099609375,5829000
2022-02-04,17755.30078125,17858.19921875,17701.19921875,17826.25,6255600
2022-02-07,17477.650390625,17791.69921875,17382.80078125,17710.05078125,7923900
2022-02-08,17509.80078125,17572.69921875,17298.349609375,17543.19921875,7613800
2022-02-09,17707.849609375,17720.900390625,17583.0,17612.55078125,5462500
2022-02-10,17842.900390625,17869.099609375,17665.69921875,17794.0,6230700
2022-02-11,17606.599609375,17696.94921875,17541.650390625,17694.400390625,5524800
2022-02-14,17060.69921875,17318.44921875,17026.400390625,17293.099609375,6750200
2022-02-15,17560.55078125,17582.900390625,17037.599609375,17147.900390625,6533900
2022-02-16,17530.650390625,17706.099609375,17481.650390625,17626.25,5251900
2022-02-17,17524.44921875,17657.099609375,17457.19921875,17608.44921875,4815000
2022-02-18,17472.900390625,17586.349609375,17439.05078125,17456.69921875,4285100
2022-02-21,17379.099609375,17532.400390625,17251.849609375,17389.55078125,4492200
2022-02-22,17276.5,17321.150390625,17009.30078125,17012.75,6474800
2022-02-23,17273.44921875,17413.30078125,17240.0,17378.94921875,4950700
2022-02-24,16428.05078125,16897.849609375,16384.44921875,16742.80078125,12170800
2022-02-25,16872.349609375,16955.5,16676.599609375,16703.0,8562700
2022-02-28,17016.55078125,17035.150390625,16568.44921875,16701.69921875,8949600
2022-03-02,16855.69921875,16930.19921875,16732.05078125,16826.25,9903900
2022-03-03,16761.599609375,17032.94921875,16708.099609375,16991.0,8917200
2022-03-04,16482.849609375,16700.55078125,16384.25,16610.75,8763400
2022-03-07,16086.9501953125,16180.599609375,15938.75,16116.099609375,10113600
2022-03-08,16251.650390625,16267.0498046875,15901.099609375,15991.4501953125,9700600
2022-03-09,16571.55078125,16648.099609375,16245.75,16328.400390625,8629300
2022-03-10,16835.5,16979.849609375,16689.80078125,16979.849609375,9478900
2022-03-11,16877.69921875,16928.25,16717.0,16773.599609375,6488100
2022-03-14,17076.599609375,17092.150390625,16833.099609375,16882.5,6468700
2022-03-15,16873.44921875,17136.900390625,16764.25,17107.75,7576000
2022-03-16,17198.0,17209.5,17052.599609375,17086.0,5368700
2022-03-17,17505.400390625,17553.69921875,17394.25,17422.349609375,15345200
2022-03-21,17323.650390625,17576.5,17306.599609375,17550.5,6428900
2022-03-22,17499.19921875,17518.25,17195.599609375,17329.55078125,6615900
2022-03-23,17446.05078125,17625.900390625,17399.80078125,17593.400390625,6650500
2022-03-24,17429.94921875,17494.150390625,17301.80078125,17305.849609375,5471300
2022-03-25,17370.5,17506.94921875,17287.849609375,17500.849609375,5019200
2022-03-28,17422.150390625,17434.80078125,17213.80078125,17404.80078125,5927300
2022-03-29,17523.599609375,17541.25,17438.400390625,17500.44921875,5555400
2022-03-30,17684.30078125,17718.05078125,17589.150390625,17665.599609375,10715800
2022-03-31,17660.349609375,17752.55078125,17627.349609375,17710.75,5454000
2022-04-01,17879.5,17912.69921875,17631.099609375,17643.900390625,5429300
2022-04-04,18256.099609375,18281.94921875,17994.900390625,18010.30078125,6254600
2022-04-05,18195.099609375,18327.75,18159.849609375,18294.25,5742000
2022-04-06,18075.099609375,18154.05078125,18042.849609375,18089.30078125,6337200
2022-04-07,17920.80078125,18092.30078125,17906.099609375,18006.650390625,5987800
2022-04-08,18089.30078125,18144.349609375,17906.55078125,17993.650390625,5269700
2022-04-11,18032.400390625,18114.55078125,17992.94921875,18062.44921875,4857900
2022-04-12,17877.55078125,17970.94921875,17786.94921875,17965.30078125,5264800
2022-04-13,17835.19921875,18017.30078125,17816.19921875,17956.19921875,4529400
2022-04-18,17565.94921875,17615.05078125,17440.599609375,17566.0,5929800
2022-04-19,17330.400390625,17687.44921875,17199.5,17662.55078125,6494100
2022-04-20,17496.650390625,17553.94921875,17353.900390625,17425.19921875,4894800
2022-04-21,17750.19921875,17766.900390625,17578.0,17602.599609375,4851400
2022-04-22,17541.099609375,17678.25,17518.849609375,17610.30078125,4338000
2022-04-25,17300.349609375,17403.900390625,17236.44921875,17373.150390625,5267700
2022-04-26,17577.80078125,17600.44921875,17429.849609375,17472.099609375,4551700
2022-04-27,17398.55078125,17484.150390625,17321.099609375,17453.55078125,4603900
2022-04-28,17615.400390625,17687.5,17429.19921875,17557.599609375,4918200
2022-04-29,17457.19921875,17741.400390625,17404.900390625,17703.099609375,5352200
2022-05-02,17419.44921875,17439.900390625,17269.849609375,17286.650390625,4271300
2022-05-04,17004.05078125,17483.80078125,16944.55078125,17451.150390625,5465400
2022-05-05,17016.599609375,17270.599609375,16978.650390625,17186.349609375,4726200
2022-05-06,16729.55078125,16807.099609375,16654.25,16740.099609375,5738600
2022-05-09,16581.80078125,16694.599609375,16441.400390625,16549.25,4978800
2022-05-10,16466.25,16653.849609375,16426.900390625,16533.400390625,5100700
2022-05-11,16399.69921875,16576.400390625,16204.25,16502.44921875,5929000
2022-05-12,16023.900390625,16281.0498046875,15946.150390625,16263.2001953125,7339300
2022-05-13,15986.5,16315.0,15941.099609375,16200.599609375,7101800
2022-05-16,16079.0,16199.25,15946.7998046875,16062.650390625,5054100
2022-05-17,16498.5,16522.650390625,16152.5,16166.0,5422800
2022-05-18,16485.80078125,16655.44921875,16461.599609375,16566.69921875,5853700
2022-05-19,16047.349609375,16213.099609375,16015.2998046875,16146.7001953125,5455700
2022-05-20,16476.69921875,16491.099609375,16253.5498046875,16290.2001953125,4642600
2022-05-23,16409.75,16612.150390625,16382.099609375,16504.599609375,6340100
2022-05-24,16312.2998046875,16460.0,16262.349609375,16428.599609375,6776800
2022-05-25,16187.150390625,16409.30078125,16167.5,16384.30078125,5676200
2022-05-26,16341.900390625,16382.849609375,16046.5498046875,16267.599609375,6279300
2022-05-27,16516.80078125,16534.55078125,16388.69921875,16473.30078125,4911300
2022-05-30,16838.150390625,16860.400390625,16672.599609375,16692.19921875,5710200
2022-05-31,16767.5,16883.599609375,16702.44921875,16761.55078125,11446200
2022-06-01,16688.94921875,16831.19921875,16601.849609375,16772.05078125,5424900
2022-06-02,16794.75,16810.55078125,16613.650390625,16650.25,4770800
2022-06-03,16721.5,16953.650390625,16705.75,16928.44921875,4274600
2022-06-06,16701.19921875,16741.19921875,16565.5,16671.30078125,4143700
2022-06-07,16550.69921875,16619.05078125,16489.150390625,16602.099609375,4191400
2022-06-08,16492.19921875,16649.75,16425.80078125,16610.75,4547000
2022-06-09,16616.400390625,16631.150390625,16374.4501953125,16402.5,4161400
2022-06-10,16353.5,16465.30078125,16322.5498046875,16426.30078125,3753300
2022-06-13,15936.0498046875,16044.5,15850.849609375,16033.650390625,4205400
2022-06-14,15905.599609375,16034.5498046875,15822.599609375,15848.9501953125,4544500
2022-06-15,15874.900390625,15966.0,15858.349609375,15918.099609375,3383500
2022-06-16,15543.349609375,16046.0498046875,15518.0,16021.849609375,4981600
2022-06-17,15445.7998046875,15575.9501953125,15344.5498046875,15452.7998046875,6525700
2022-06-20,15481.9501953125,15517.7998046875,15336.0498046875,15489.5,5243300
2022-06-21,15793.150390625,15845.4501953125,15558.7001953125,15593.400390625,5215600
2022-06-22,15555.2998046875,15718.349609375,15528.5498046875,15702.4501953125,4415100
2022-06-23,15704.7998046875,15775.7998046875,15515.7998046875,15594.7998046875,4757900
2022-06-24,15858.2998046875,15895.2998046875,15773.650390625,15809.599609375,4274600
2022-06-27,15990.2998046875,16086.9501953125,15974.400390625,16082.4501953125,4813400
2022-06-28,16008.849609375,16045.0498046875,15857.0,15919.2998046875,5672900
2022-06-29,15952.75,16013.7998046875,15845.4501953125,15857.099609375,7095800
2022-06-30,15929.400390625,16047.75,15881.0,15933.9501953125,6154400
2022-07-01,15925.9501953125,15966.0498046875,15679.2998046875,15861.599609375,6625000
2022-07-04,16018.150390625,16033.900390625,15844.650390625,15894.7001953125,5064700
2022-07-05,16001.599609375,16209.2998046875,15973.349609375,16093.5498046875,4608800
2022-07-06,16196.25,16217.2001953125,15990.150390625,16009.2998046875,5097800
2022-07-07,16339.099609375,16355.75,16251.650390625,16322.150390625,5374100
2022-07-08,16424.0,16477.349609375,16353.099609375,16475.849609375,4662900
2022-07-11,16465.099609375,16491.099609375,16331.2001953125,16346.75,4749700
2022-07-12,16323.5,16421.94921875,16293.7998046875,16380.150390625,4689700
2022-07-13,16237.25,16411.55078125,16220.150390625,16396.94921875,4606600
2022-07-14,16213.0498046875,16329.5498046875,16115.650390625,16294.75,4489600
2022-07-15,16317.2001953125,16334.650390625,16204.0498046875,16287.849609375,4382000
2022-07-18,16548.150390625,16559.19921875,16415.150390625,16423.849609375,4377700
2022-07-19,16614.05078125,16634.349609375,16460.94921875,16460.94921875,4603100
2022-07-20,16773.69921875,16846.94921875,16744.30078125,16829.05078125,5857000
2022-07-21,16881.69921875,16904.400390625,16737.80078125,16777.25,4442000
2022-07-22,16970.69921875,17002.900390625,16872.400390625,16940.19921875,3807900
2022-07-25,16892.099609375,16960.30078125,16825.44921875,16924.30078125,6138900
2022-07-26,16733.30078125,16899.0,16710.0,16896.400390625,7857700
2022-07-27,16889.55078125,16900.94921875,16687.25,16724.0,7368300
2022-07-28,17169.69921875,17186.400390625,16985.150390625,17016.099609375,8653400
2022-07-29,17400.75,17413.849609375,17266.0,17317.349609375,8552200
2022-08-01,17598.80078125,17614.19921875,17396.0,17487.650390625,7583100
2022-08-02,17618.25,17656.900390625,17489.80078125,17576.05078125,11291400
2022-08-03,17646.0,17665.349609375,17487.69921875,17621.25,11015000
2022-08-04,17652.94921875,17753.849609375,17420.400390625,17723.5,9976400
2022-08-05,17655.5,17747.400390625,17625.349609375,17699.349609375,10797000
2022-08-08,17784.80078125,17799.900390625,17621.150390625,17664.19921875,6014000
2022-08-10,17784.900390625,17829.44921875,17695.80078125,17829.44921875,7221800
2022-08-11,17913.94921875,17962.349609375,17883.099609375,17955.900390625,6411900
2022-08-12,17956.80078125,17982.900390625,17857.75,17916.650390625,8538000
2022-08-16,18107.25,18118.44921875,18028.099609375,18056.25,0
2022-08-17,18235.55078125,18258.150390625,18125.849609375,18154.19921875,7709600
2022-08-18,18264.400390625,18277.099609375,18156.30078125,18195.650390625,7717700
2022-08-19,18071.099609375,18304.69921875,18026.599609375,18281.599609375,8159000
2022-08-22,17792.44921875,18007.099609375,17767.25,18001.30078125,7035400
2022-08-23,17878.400390625,17926.94921875,17644.599609375,17654.5,6893300
2022-08-24,17917.30078125,17933.099609375,17790.900390625,17832.849609375,5700300
2022-08-25,17847.650390625,18044.849609375,17813.80078125,17992.80078125,5921900
2022-08-26,17893.80078125,18017.44921875,17855.94921875,17949.099609375,5856800
2022-08-29,17666.44921875,17730.099609375,17486.849609375,17499.75,5228300
2022-08-30,18112.400390625,18131.30078125,17766.849609375,17776.75,6883700
2022-09-01,17924.30078125,18063.900390625,17850.150390625,17858.44921875,7096900
2022-09-02,17916.0,18029.400390625,17871.19921875,17989.5,5657700
2022-09-05,18021.650390625,18041.650390625,17922.94921875,17928.80078125,4759400
2022-09-06,18031.30078125,18125.05078125,17955.25,18061.900390625,6336300
2022-09-07,18008.099609375,18036.75,17874.650390625,17906.650390625,6291200
2022-09-08,18168.849609375,18178.19921875,18067.849609375,18135.849609375,6403300
2022-09-09,18198.099609375,18298.900390625,18148.5,18298.900390625,6253900
2022-09-12,18319.80078125,18352.80078125,18255.55078125,18257.849609375,4986700
2022-09-13,18453.69921875,18471.05078125,18393.44921875,18429.05078125,6774800
2022-09-14,18405.599609375,18486.94921875,18147.599609375,18147.599609375,8179600
2022-09-15,18316.900390625,18505.19921875,18282.75,18459.900390625,6727500
2022-09-16,17938.099609375,18259.099609375,17898.30078125,18239.150390625,10463300
2022-09-19,18025.25,18080.650390625,17828.75,17958.30078125,6334600
2022-09-20,18222.099609375,18329.0,18161.349609375,18180.900390625,5992100
2022-09-21,18091.900390625,18255.44921875,18041.150390625,18180.55078125,5441200
2022-09-22,18030.400390625,18111.44921875,17914.150390625,17988.5,5713100
2022-09-23,17718.44921875,18050.099609375,17686.05078125,18004.94921875,6831400
2022-09-26,17374.80078125,17576.400390625,17329.30078125,17549.0,8318700
2022-09-27,17366.400390625,17544.150390625,17290.849609375,17469.900390625,6513500
2022-09-28,17219.55078125,17401.400390625,17179.25,17229.0,6215300
2022-09-29,17167.75,17403.55078125,17139.25,17361.849609375,7470600
2022-09-30,17438.599609375,17518.099609375,17080.650390625,17146.94921875,7249400
2022-10-03,17190.900390625,17469.900390625,17137.30078125,17448.69921875,5310300
2022-10-04,17589.30078125,17602.05078125,17444.400390625,17470.75,4709500
2022-10-06,17662.80078125,17750.599609375,17647.400390625,17700.849609375,5130000
2022-10-07,17641.44921875,17660.150390625,17532.900390625,17624.599609375,5416900
2022-10-10,17553.150390625,17596.150390625,17380.599609375,17419.19921875,4502900
2022-10-11,17285.849609375,17585.75,17251.150390625,17582.19921875,4946900
2022-10-12,17423.400390625,17440.44921875,17249.900390625,17330.80078125,4519900
2022-10-13,17302.150390625,17417.150390625,17247.400390625,17393.0,4463500
2022-10-14,17432.55078125,17620.849609375,17418.55078125,17612.849609375,4191100
2022-10-17,17560.5,17580.25,17335.5,17395.19921875,3962800
2022-10-18,17741.19921875,17774.0,17681.849609375,17685.150390625,5266900
2022-10-19,17756.25,17862.05078125,17721.25,17822.650390625,4057100
2022-10-20,17829.44921875,17850.80078125,17665.900390625,17670.599609375,4778400
2022-10-21,17808.80078125,17915.25,17751.25,17887.94921875,5003500
2022-10-24,17951.30078125,18008.5,17926.94921875,17973.75,799600
2022-10-25,17887.400390625,18027.30078125,17871.0,18023.900390625,4959400
2022-10-27,17989.0,18027.94921875,17899.650390625,18002.05078125,5776500
2022-10-28,18017.19921875,18065.05078125,17950.099609375,18011.30078125,4682000
2022-10-31,18243.400390625,18256.650390625,18125.099609375,18133.75,4819400
2022-11-01,18383.19921875,18397.55078125,18290.349609375,18354.900390625,5764400
2022-11-02,18322.400390625,18413.900390625,18287.349609375,18413.0,4681600
2022-11-03,18297.400390625,18344.05078125,18198.0,18206.900390625,4025000
2022-11-04,18361.44921875,18377.25,18254.650390625,18301.94921875,4944100
2022-11-07,18450.150390625,18496.94921875,18309.400390625,18456.44921875,6857500
2022-11-09,18406.25,18538.05078125,18363.849609375,18534.650390625,6239000
2022-11-10,18267.099609375,18356.25,18202.150390625,18302.349609375,5316500
2022-11-11,18573.349609375,18586.150390625,18498.900390625,18505.94921875,10059200
2022-11-14,18568.400390625,18626.150390625,18547.05078125,18603.94921875,6683700
2022-11-15,18635.400390625,18656.55078125,18516.80078125,18603.650390625,4796000
2022-11-16,18615.5,18657.5,18546.94921875,18632.69921875,4859100
2022-11-17,18532.44921875,18618.900390625,18501.150390625,18569.599609375,4945200
2022-11-18,18483.19921875,18587.849609375,18385.44921875,18575.75,4610900
2022-11-21,18334.650390625,18439.650390625,18305.75,18426.099609375,4374600
2022-11-22,18407.5,18421.849609375,18307.849609375,18353.19921875,4207100
2022-11-23,18433.80078125,18487.400390625,18411.099609375,18487.25,4287700
2022-11-24,18627.25,18665.94921875,18462.94921875,18492.30078125,4756000
2022-11-25,18652.05078125,18677.099609375,18583.849609375,18673.80078125,4599100
2022-11-28,18696.75,18751.0,18521.599609375,18582.55078125,4493700
2022-11-29,18758.349609375,18815.900390625,18689.599609375,18691.55078125,4185500
2022-11-30,18919.55078125,18980.75,18762.599609375,18771.349609375,11353300
2022-12-01,18973.05078125,19039.400390625,18939.599609375,19034.19921875,6230000
2022-12-02,18870.25,18948.150390625,18812.599609375,18925.849609375,5438000
2022-12-05,18867.650390625,18905.599609375,18755.5,18898.0,5463700
2022-12-06,18821.55078125,18832.599609375,18760.19921875,18777.599609375,4247700
2022-12-07,18754.0,18858.30078125,18721.849609375,18826.349609375,3932900
2022-12-08,18802.0,18820.349609375,18739.0,18770.80078125,4408000
2022-12-09,18687.650390625,18861.30078125,18594.69921875,18859.400390625,5196900
2022-12-12,18690.80078125,18711.19921875,18536.44921875,18605.19921875,3950100
2022-12-13,18781.650390625,18793.69921875,18688.94921875,18724.05078125,3580000
2022-12-14,18837.25,18872.650390625,18817.349609375,18842.849609375,4008800
2022-12-15,18604.44921875,18833.650390625,18576.0,18795.55078125,3765100
2022-12-16,18446.30078125,18624.650390625,18432.0,18512.150390625,5366500
2022-12-19,18604.5,18616.44921875,18419.44921875,18466.69921875,3298400
2022-12-20,18570.400390625,18589.5,18391.19921875,18532.94921875,3434100
2022-12-21,18361.150390625,18664.75,18324.400390625,18621.30078125,4032100
2022-12-22,18277.849609375,18484.94921875,18212.5,18447.0,4344600
2022-12-23,17888.05078125,18193.0,17855.150390625,18128.5,5423600
2022-12-27,18263.55078125,18280.5,18097.75,18214.94921875,3962900
2022-12-28,18270.94921875,18317.400390625,18200.19921875,18220.349609375,3999100
2022-12-29,18343.599609375,18387.599609375,18124.80078125,18192.19921875,4684900
2022-12-30,18258.75,18434.19921875,18232.30078125,18422.400390625,3520500
2023-01-02,18334.30078125,18350.900390625,18237.44921875,18290.19921875,3910028500
2023-01-03,18376.5,18398.94921875,18298.55078125,18310.650390625,3733900
2023-01-04,18173.44921875,18385.900390625,18153.05078125,18375.650390625,4360600
2023-01-05,18150.0,18256.30078125,18032.44921875,18236.55078125,4328300
2023-01-06,18013.94921875,18200.30078125,17951.80078125,18165.94921875,4026200
2023-01-09,18248.55078125,18276.25,18098.0,18111.30078125,4219800
2023-01-10,18081.0,18274.400390625,18008.30078125,18270.0,4623800
2023-01-11,18054.30078125,18135.30078125,17988.19921875,18094.650390625,4395000
2023-01-12,18028.30078125,18105.150390625,17932.75,18080.55078125,4351000
2023-01-13,18126.25,18157.150390625,17949.150390625,18041.19921875,4377700
2023-01-16,18074.19921875,18212.0,18029.0,18191.849609375,3604900
2023-01-17,18216.400390625,18235.349609375,18065.44921875,18102.150390625,4628800
2023-01-18,18307.400390625,18324.30078125,18189.55078125,18237.599609375,5035800
2023-01-19,18244.75,18291.650390625,18202.80078125,18260.099609375,4132000
2023-01-20,18169.44921875,18278.150390625,18156.0,18252.80078125,4497900
2023-01-23,18249.349609375,18292.5,18203.849609375,18254.69921875,3911600
2023-01-24,18245.349609375,18323.75,18210.5,18313.599609375,4282800
2023-01-25,17974.349609375,18219.900390625,17950.400390625,18213.55078125,7325600
2023-01-27,17594.5,17953.30078125,17483.900390625,17946.0,9731100
2023-01-30,17571.849609375,17676.599609375,17331.900390625,17498.650390625,8473900
2023-01-31,17601.0,17644.150390625,17467.5,17636.75,8126800
2023-02-01,17516.150390625,17866.94921875,17247.599609375,17744.849609375,9620500
2023-02-02,17490.30078125,17534.349609375,17321.0,17401.25,8234700
2023-02-03,17687.349609375,17701.80078125,17422.19921875,17574.5,7429500
2023-02-06,17611.44921875,17652.19921875,17541.80078125,17648.69921875,5428700
2023-02-07,17569.69921875,17654.900390625,17504.25,17626.44921875,6532800
2023-02-08,17719.849609375,17743.900390625,17596.849609375,17598.55078125,7687400
2023-02-09,17723.849609375,17751.650390625,17625.25,17724.25,6945900
2023-02-10,17685.44921875,17704.44921875,17634.94921875,17675.400390625,6144000
2023-02-13,17575.150390625,17697.099609375,17532.0,17679.400390625,4600000
2023-02-14,17702.349609375,17721.900390625,17581.599609375,17626.30078125,4760100
2023-02-15,17786.900390625,17804.900390625,17629.30078125,17664.05078125,3965300
2023-02-16,17814.900390625,17907.0,17783.30078125,17856.94921875,4574600
2023-02-17,17721.05078125,17808.55078125,17666.30078125,17753.25,4056300
2023-02-20,17626.900390625,17768.75,17600.849609375,17737.099609375,4475900
2023-02-21,17604.400390625,17699.25,17579.099609375,17682.849609375,4580600
2023-02-22,17335.0,17539.94921875,17307.099609375,17529.650390625,4264400
2023-02-23,17286.30078125,17386.30078125,17224.19921875,17349.80078125,5425400
2023-02-24,17242.150390625,17369.0,17198.30078125,17357.19921875,4444200
2023-02-27,17156.150390625,17212.900390625,17060.099609375,17200.25,4584900
2023-02-28,17083.80078125,17195.349609375,17039.599609375,17145.30078125,8966700
2023-03-01,17238.44921875,17253.44921875,17124.099609375,17134.900390625,4760200
2023-03-02,17129.650390625,17236.099609375,17112.650390625,17217.05078125,4818600
2023-03-03,17385.94921875,17433.900390625,17241.400390625,17258.19921875,5967800
2023-03-06,17506.30078125,17586.05078125,17467.80078125,17475.25,5854900
2023-03-08,17552.94921875,17564.400390625,17399.05078125,17463.900390625,4583500
2023-03-09,17398.30078125,17582.30078125,17382.0,17578.25,4325700
2023-03-10,17244.30078125,17269.099609375,17147.0,17261.400390625,4158000
2023-03-13,16997.30078125,17358.55078125,16960.0,17257.25,4546500
2023-03-14,16887.05078125,17060.05078125,16826.099609375,17003.349609375,5209300
2023-03-15,16825.05078125,17044.099609375,16795.5,17002.75,4298500
2023-03-16,16852.25,16923.849609375,16696.25,16844.75,10267700
2023-03-17,16964.80078125,17014.30078125,16843.0,16981.099609375,8283600
2023-03-20,16852.900390625,16922.75,16700.25,16920.900390625,5116000
2023-03-21,16970.5,16990.44921875,16876.69921875,16926.25,4499700
2023-03-22,17026.19921875,17075.099609375,16987.5,17041.900390625,0
2023-03-23,16958.150390625,17075.69921875,16929.5,16977.44921875,4246900
2023-03-24,16831.80078125,16998.400390625,16806.099609375,16966.69921875,4880700
2023-03-27,16849.30078125,16953.55078125,16802.55078125,16870.30078125,4806300
2023-03-28,16795.349609375,16905.30078125,16758.099609375,16884.75,4868100
2023-03-29,16918.05078125,16962.69921875,16791.30078125,16808.849609375,6676600
2023-03-31,17186.150390625,17206.849609375,17036.099609375,17043.0,5948700
2023-04-03,17224.75,17256.19921875,17141.44921875,17256.19921875,4180100
2023-04-05,17373.94921875,17387.80078125,17232.650390625,17245.650390625,4565000
2023-04-06,17414.650390625,17451.099609375,17321.30078125,17357.55078125,4332800
2023-04-10,17446.30078125,17510.30078125,17422.900390625,17454.05078125,4428900
2023-04-11,17540.80078125,17571.05078125,17476.19921875,17528.44921875,4731500
2023-04-12,17626.900390625,17638.94921875,17539.94921875,17582.80078125,4042800
2023-04-13,17635.150390625,17647.69921875,17546.55078125,17624.44921875,4411900
2023-04-17,17543.44921875,17667.30078125,17411.55078125,17667.30078125,5124000
2023-04-18,17510.849609375,17600.55078125,17457.44921875,17600.55078125,4180800
2023-04-19,17455.44921875,17513.849609375,17421.80078125,17507.44921875,4638400
2023-04-20,17459.849609375,17515.5,17422.19921875,17476.05078125,3543700
2023-04-21,17455.25,17493.19921875,17388.55078125,17476.099609375,4533700
2023-04-24,17564.400390625,17574.849609375,17446.099609375,17532.599609375,4124700
2023-04-25,17600.05078125,17633.400390625,17546.80078125,17582.19921875,6285500
2023-04-26,17645.55078125,17657.69921875,17549.69921875,17598.30078125,4103700
2023-04-27,17739.94921875,17755.150390625,17631.69921875,17646.44921875,4652500
2023-04-28,17903.94921875,17926.05078125,17726.69921875,17777.400390625,7132300
2023-05-02,17989.30078125,18020.599609375,17943.5,17964.349609375,5336300
2023-05-03,17941.099609375,17971.25,17895.349609375,17958.150390625,4516300
2023-05-04,18099.75,18110.30078125,17923.44921875,17938.599609375,5084900
2023-05-05,17939.25,18076.69921875,17925.55078125,17982.05078125,4807700
2023-05-08,18118.5,18137.0,17966.25,17984.55078125,4865600
2023-05-09,18114.05078125,18198.849609375,18078.19921875,18154.849609375,5308800
2023-05-10,18170.849609375,18182.400390625,18064.599609375,18158.05078125,4199300
2023-05-11,18174.25,18242.349609375,18146.650390625,18218.80078125,4403600
2023-05-12,18181.94921875,18212.150390625,18070.099609375,18152.69921875,4400400
2023-05-15,18258.099609375,18317.69921875,18157.900390625,18202.849609375,4120000
2023-05-16,18162.25,18291.69921875,18141.69921875,18291.599609375,4956200
2023-05-17,18056.69921875,18186.75,17991.849609375,18178.599609375,4332500
2023-05-18,17985.75,18165.650390625,17964.349609375,18156.75,4894900
2023-05-19,18060.349609375,18074.5,17911.69921875,18034.5,4984600
2023-05-22,18180.900390625,18199.5,18040.44921875,18065.650390625,5723500
2023-05-23,18219.80078125,18287.44921875,18197.80078125,18236.5,5014000
2023-05-24,18170.0,18267.80078125,18149.30078125,18178.55078125,4464800
2023-05-25,18213.599609375,18230.349609375,18102.150390625,18158.30078125,5436600
2023-05-26,18393.05078125,18400.69921875,18223.30078125,18256.150390625,4543600
2023-05-29,18490.25,18532.25,18472.599609375,18512.5,4721600
2023-05-30,18516.94921875,18546.900390625,18470.099609375,18500.150390625,4248400
2023-05-31,18438.30078125,18484.5,18380.25,18479.150390625,13086600
2023-06-01,18405.69921875,18493.25,18383.80078125,18482.849609375,4656600
2023-06-02,18457.0,18492.05078125,18402.69921875,18469.25,6001900
2023-06-05,18513.849609375,18554.900390625,18502.69921875,18529.94921875,4944800
2023-06-06,18527.849609375,18550.650390625,18459.80078125,18525.349609375,4181200
2023-06-07,18659.650390625,18671.599609375,18566.099609375,18596.05078125,4694800
2023-06-08,18562.94921875,18706.05078125,18546.099609375,18665.400390625,5312200
2023-06-09,18502.099609375,18607.150390625,18493.099609375,18588.19921875,4268800
2023-06-12,18545.80078125,18570.19921875,18498.30078125,18537.0,4229400
2023-06-13,18668.0,18679.25,18581.400390625,18581.80078125,4554700
2023-06-14,18705.25,18719.5,18644.75,18700.25,4892600
2023-06-15,18653.599609375,18757.44921875,18633.650390625,18727.30078125,4858900
2023-06-16,18798.55078125,18835.94921875,18683.349609375,18695.349609375,5069800
2023-06-19,18732.80078125,18855.75,18698.25,18847.80078125,4308800
2023-06-20,18794.599609375,18816.400390625,18651.849609375,18736.30078125,3940500
2023-06-21,18827.80078125,18858.19921875,18774.650390625,18829.69921875,4309700
2023-06-22,18722.69921875,18850.400390625,18710.30078125,18830.349609375,4587100
2023-06-23,18595.75,18710.05078125,18580.94921875,18698.94921875,4159600
2023-06-26,18632.75,18654.94921875,18578.05078125,18600.650390625,3332000
2023-06-27,18751.30078125,18761.5,18662.44921875,18690.94921875,4109800
2023-06-28,18901.19921875,18926.05078125,18795.75,18840.80078125,7002100
2023-06-30,19099.55078125,19110.5,18953.19921875,18999.94921875,5171400
2023-07-03,19223.849609375,19243.099609375,19148.55078125,19159.94921875,4504000
2023-07-04,19270.55078125,19318.69921875,19196.849609375,19305.55078125,3867700
2023-07-05,19297.94921875,19317.599609375,19239.849609375,19295.349609375,4417800
2023-07-06,19397.099609375,19410.05078125,19279.650390625,19293.150390625,5048800
2023-07-07,19233.599609375,19426.80078125,19205.25,19333.55078125,4628000
2023-07-10,19239.80078125,19316.900390625,19213.5,19299.0,4375300
2023-07-11,19333.599609375,19403.349609375,19288.19921875,19307.349609375,4715800
2023-07-12,19293.69921875,19398.099609375,19274.55078125,19389.400390625,5311200
2023-07-13,19304.849609375,19466.400390625,19275.400390625,19400.349609375,6733600
2023-07-14,19454.0,19482.69921875,19321.69921875,19386.30078125,5338000
2023-07-17,19584.80078125,19602.80078125,19457.75,19500.349609375,4552600
2023-07-18,19605.849609375,19681.650390625,19548.94921875,19657.94921875,4903500
2023-07-19,19690.69921875,19706.80078125,19596.599609375,19658.650390625,4331900
2023-07-20,19811.900390625,19822.94921875,19622.599609375,19694.19921875,4452700
2023-07-21,19602.599609375,19732.25,19562.400390625,19655.25,5419700
2023-07-24,19540.44921875,19642.80078125,19526.650390625,19610.30078125,4992300
2023-07-25,19566.900390625,19593.75,19491.05078125,19593.75,6130600
2023-07-26,19662.0,19706.349609375,19600.94921875,19623.80078125,4684600
2023-07-27,19566.69921875,19752.44921875,19510.30078125,19731.55078125,5715200
2023-07-28,19580.650390625,19606.44921875,19498.55078125,19576.650390625,5844800
2023-07-31,19679.349609375,19697.44921875,19545.0,19598.900390625,5635400
2023-08-01,19659.849609375,19722.099609375,19630.69921875,19712.849609375,5143800
2023-08-02,19447.099609375,19610.0,19339.75,19590.55078125,5605500
2023-08-03,19310.900390625,19453.900390625,19222.400390625,19388.55078125,8225200
2023-08-04,19448.75,19472.5,19378.400390625,19394.75,8660200
2023-08-07,19521.849609375,19546.150390625,19451.19921875,19509.900390625,6426700
2023-08-08,19497.44921875,19560.55078125,19450.099609375,19554.599609375,5957400
2023-08-09,19554.75,19565.69921875,19403.05078125,19510.599609375,5117200
2023-08-10,19463.099609375,19548.900390625,19423.5,19535.55078125,5647100
2023-08-11,19359.0,19484.400390625,19343.25,19482.30078125,4611900
2023-08-14,19330.80078125,19363.55078125,19153.69921875,19313.44921875,4550600
2023-08-16,19358.05078125,19375.05078125,19212.75,19268.05078125,0
2023-08-17,19264.599609375,19361.599609375,19236.30078125,19350.80078125,4257900
2023-08-18,19209.349609375,19273.150390625,19157.44921875,19208.25,4358200
2023-08-21,19303.400390625,19333.19921875,19205.25,19224.05078125,4087300
2023-08-22,19325.44921875,19364.25,19305.5,19333.05078125,4554400
2023-08-23,19362.55078125,19397.0,19302.69921875,19371.349609375,4486500
2023-08-24,19323.349609375,19504.19921875,19306.650390625,19458.349609375,4703500
2023-08-25,19193.900390625,19278.5,19162.69921875,19242.55078125,6856400
2023-08-28,19243.650390625,19299.099609375,19183.349609375,19235.900390625,5070000
2023-08-29,19291.25,19313.150390625,19259.44921875,19311.69921875,5085600
2023-08-30,19307.5,19400.650390625,19295.349609375,19383.69921875,5980200
2023-08-31,19204.80078125,19338.55078125,19178.0,19331.349609375,8760300
2023-09-01,19382.94921875,19403.75,19210.150390625,19212.900390625,5826200
2023-09-04,19485.5,19499.75,19382.94921875,19473.400390625,6362448000
2023-09-05,19531.19921875,19542.80078125,19482.19921875,19525.150390625,5367100
2023-09-06,19578.25,19599.94921875,19464.099609375,19542.0,7063400
2023-09-07,19690.5,19703.0,19533.150390625,19572.099609375,6183300
2023-09-08,19789.30078125,19834.900390625,19690.5,19741.30078125,5859500
2023-09-11,19970.80078125,19981.0,19841.75,19864.900390625,5471300
2023-09-12,19905.19921875,20082.400390625,19835.05078125,20082.099609375,6629800
2023-09-13,19977.80078125,20000.5,19844.75,19900.849609375,4963000
2023-09-14,20024.80078125,20083.69921875,19961.400390625,20040.55078125,4854300
2023-09-15,20108.400390625,20136.30078125,20048.75,20079.75,8106100
2023-09-18,20056.150390625,20115.5,20039.75,20092.94921875,5609000
2023-09-20,19832.599609375,19984.150390625,19809.55078125,19919.0,6581600
2023-09-21,19674.80078125,19784.80078125,19641.19921875,19779.19921875,4658300
2023-09-22,19614.19921875,19732.80078125,19597.19921875,19679.5,4742000
2023-09-25,19606.849609375,19663.0,19539.69921875,19622.05078125,3639000
2023-09-26,19606.05078125,19640.94921875,19579.650390625,19615.849609375,3676300
2023-09-27,19654.94921875,19668.0,19498.44921875,19583.400390625,3967600
2023-09-28,19451.650390625,19703.349609375,19421.25,19698.44921875,6022600
2023-09-29,19577.05078125,19656.44921875,19482.0,19511.44921875,4405600
2023-10-03,19492.69921875,19571.5,19434.44921875,19569.900390625,5458600
2023-10-04,19376.25,19423.900390625,19277.30078125,19416.05078125,6122200
2023-10-05,19476.05078125,19504.349609375,19420.80078125,19462.44921875,6346900
2023-10-06,19584.44921875,19606.05078125,19524.69921875,19554.400390625,3908000
2023-10-09,19428.900390625,19504.650390625,19391.75,19462.5,3992800
2023-10-10,19616.55078125,19640.69921875,19484.75,19485.94921875,4538100
2023-10-11,19736.80078125,19767.150390625,19686.599609375,19695.5,5264600
2023-10-12,19728.099609375,19775.80078125,19709.19921875,19755.94921875,4920300
2023-10-13,19691.69921875,19744.30078125,19579.94921875,19598.349609375,4859000
2023-10-16,19680.650390625,19726.400390625,19636.400390625,19678.099609375,3779600
2023-10-17,19758.900390625,19792.75,19726.30078125,19787.099609375,3839100
2023-10-18,19611.349609375,19780.0,19600.349609375,19769.349609375,4964200
2023-10-19,19562.30078125,19613.75,19449.349609375,19490.94921875,4111700
2023-10-20,19468.400390625,19533.349609375,19450.30078125,19488.25,4366800
2023-10-23,19189.099609375,19482.69921875,19162.19921875,19451.400390625,4435900
2023-10-25,19034.400390625,19264.900390625,18977.150390625,19196.75,4546700
2023-10-26,18780.599609375,18954.55078125,18743.30078125,18941.400390625,6658100
2023-10-27,18996.099609375,19024.75,18856.900390625,18859.0,4715000
2023-10-30,19080.849609375,19096.5,18882.400390625,19007.599609375,3767600
2023-10-31,19035.349609375,19175.19921875,19012.349609375,19174.599609375,4510500
2023-11-01,18942.30078125,19061.94921875,18926.05078125,19028.849609375,4498500
2023-11-02,19107.25,19128.150390625,19028.150390625,19074.55078125,5034400
2023-11-03,19222.099609375,19256.44921875,19200.30078125,19215.900390625,6069700
2023-11-06,19399.099609375,19410.69921875,19300.349609375,19333.19921875,5702900
2023-11-07,19416.80078125,19433.900390625,19331.55078125,19398.25,5833400
2023-11-08,19470.099609375,19485.25,19426.44921875,19466.900390625,4758900
2023-11-09,19413.80078125,19494.44921875,19398.599609375,19489.150390625,4206200
2023-11-10,19444.80078125,19468.75,19344.900390625,19371.55078125,3505100
2023-11-13,19475.69921875,19515.19921875,19436.599609375,19508.599609375,4040500
2023-11-15,19698.400390625,19714.900390625,19611.05078125,19675.5,5704300
2023-11-16,19785.849609375,19884.30078125,19652.599609375,19701.650390625,5007300
2023-11-17,19773.44921875,19835.75,19696.099609375,19704.599609375,5113100
2023-11-20,19730.69921875,19795.099609375,19715.150390625,19779.55078125,3593400
2023-11-21,19806.400390625,19851.80078125,19788.05078125,19807.5,3759300
2023-11-22,19818.900390625,19849.05078125,19716.94921875,19810.30078125,3743800
2023-11-23,19819.400390625,19883.44921875,19802.25,19839.69921875,3334100
2023-11-24,19812.099609375,19854.69921875,19792.75,19831.80078125,3439600
2023-11-28,19938.400390625,19964.94921875,19832.5,19867.75,5943800
2023-11-29,20136.19921875,20144.599609375,20021.30078125,20037.25,6345300
2023-11-30,20201.0,20226.400390625,20063.400390625,20152.849609375,11787000
2023-12-01,20339.44921875,20365.44921875,20263.099609375,20274.599609375,6576500
2023-12-04,20757.94921875,20773.69921875,20586.75,20687.349609375,9011500
2023-12-05,20949.25,20957.650390625,20783.599609375,20870.400390625,9014000
2023-12-06,21074.150390625,21093.0,20978.099609375,21055.099609375,8402300
2023-12-07,21076.349609375,21102.80078125,21014.19921875,21086.25,7820400
2023-12-08,21107.19921875,21172.349609375,20981.69921875,21125.19921875,6940400
2023-12-11,21161.69921875,21181.099609375,21089.30078125,21114.75,5331700
2023-12-12,21058.25,21203.69921875,21009.900390625,21191.900390625,5143800
2023-12-13,21099.599609375,21122.150390625,20930.25,21088.349609375,5829600
2023-12-14,21364.30078125,21392.75,21252.69921875,21279.400390625,6880100
2023-12-15,21595.5,21624.75,21411.349609375,21471.19921875,8707700
2023-12-18,21585.25,21644.0,21510.150390625,21585.19921875,5881200
2023-12-19,21622.94921875,21672.55078125,21494.400390625,21647.44921875,5595500
2023-12-20,21267.349609375,21775.75,21206.349609375,21728.650390625,7595500
2023-12-21,21402.150390625,21435.0,21073.900390625,21135.30078125,6041800
2023-12-22,21508.849609375,21544.19921875,21382.19921875,21461.25,6195000
2023-12-26,21617.05078125,21647.05078125,21504.599609375,21539.400390625,5015000
2023-12-27,21815.44921875,21834.69921875,21678.400390625,21683.900390625,5219000
2023-12-28,21931.75,21951.900390625,21836.94921875,21879.849609375,9112900
2023-12-29,21918.80078125,21944.44921875,21847.5,21903.44921875,6434300
2024-01-02,21865.25,21959.55078125,21727.349609375,21955.80078125,5763500
2024-01-03,21771.400390625,21890.650390625,21752.55078125,21877.599609375,6962800
2024-01-04,21934.400390625,21961.400390625,21830.900390625,21865.400390625,6397600
2024-01-05,21974.599609375,22027.0,21882.25,21988.5,6496200
2024-01-08,21770.75,22024.150390625,21750.25,22016.69921875,5183900
2024-01-09,21815.150390625,21986.599609375,21788.69921875,21915.650390625,4784300
2024-01-10,21885.80078125,21907.5,21704.5,21806.099609375,4885700
2024-01-11,21942.150390625,22004.099609375,21886.650390625,21963.75,5073200
2024-01-12,22159.25,22192.75,22003.150390625,22065.099609375,6064600
2024-01-15,22338.75,22355.44921875,22202.69921875,22313.0,6311300
2024-01-16,22274.599609375,22367.30078125,22204.55078125,22329.80078125,6314100
2024-01-17,21839.94921875,22110.55078125,21819.900390625,21925.599609375,8681700
2024-01-18,21730.099609375,21799.30078125,21509.099609375,21698.30078125,7701800
2024-01-19,21916.0,21942.849609375,21849.650390625,21882.80078125,6973700
2024-01-23,21506.80078125,22054.849609375,21464.75,22037.650390625,9063500
2024-01-24,21746.0,21771.75,21391.80078125,21469.94921875,7813700
2024-01-25,21666.5,21763.650390625,21541.849609375,21763.650390625,8186900
2024-01-29,22041.599609375,22066.75,21744.19921875,21752.099609375,8319700
2024-01-30,21846.19921875,22120.349609375,21826.05078125,22088.599609375,7744300
2024-01-31,22051.55078125,22067.150390625,21783.400390625,21823.150390625,8828600
2024-02-01,22039.599609375,22169.849609375,21985.69921875,22123.44921875,8153600
2024-02-02,22199.0,22444.75,22155.0,22158.69921875,9837400
2024-02-05,22113.400390625,22329.69921875,22064.150390625,22284.150390625,9156000
2024-02-06,22299.30078125,22315.150390625,22074.349609375,22177.05078125,7261000
2024-02-07,22363.69921875,22437.650390625,22261.94921875,22428.650390625,8102400
2024-02-08,22202.75,22459.94921875,22150.80078125,22456.400390625,10624000
2024-02-09,22247.55078125,22274.599609375,22044.44921875,22223.150390625,10123800
2024-02-12,22042.099609375,22301.900390625,22001.69921875,22273.5,7686200
2024-02-13,22181.599609375,22196.849609375,21934.80078125,22090.5,7249400
2024-02-14,22313.400390625,22336.849609375,21972.30078125,22014.150390625,6786800
2024-02-15,22405.55078125,22447.55078125,22301.650390625,22398.400390625,8897800
2024-02-16,22540.900390625,22570.19921875,22469.69921875,22516.900390625,7429700
2024-02-20,22685.650390625,22704.349609375,22545.849609375,22604.75,5669200
2024-02-21,22547.599609375,22757.25,22488.5,22743.650390625,6930600
2024-02-22,22725.400390625,22759.05078125,22389.849609375,22587.150390625,6254100
2024-02-23,22734.30078125,22804.80078125,22704.900390625,22798.650390625,5664500
2024-02-26,22667.75,22743.400390625,22617.30078125,22698.69921875,4767600
2024-02-27,22722.30078125,22753.0,22641.0,22643.650390625,5036300
2024-02-28,22457.650390625,22764.55078125,22421.44921875,22746.400390625,5367600
2024-02-29,22526.30078125,22609.349609375,22358.19921875,22441.94921875,11544300
2024-03-01,22862.05078125,22874.44921875,22604.650390625,22605.69921875,6184600
2024-03-04,22944.80078125,22985.94921875,22889.349609375,22947.75,6304400
2024-03-05,22900.650390625,22956.94921875,22824.849609375,22927.75,6314400
2024-03-06,22988.349609375,23011.55078125,22724.099609375,22878.55078125,11692600
2024-03-07,23036.05078125,23070.650390625,22970.849609375,23024.05078125,7210400
2024-03-11,22895.44921875,23073.55078125,22867.44921875,23066.94921875,6110500
2024-03-12,22840.900390625,22990.05078125,22784.900390625,22901.80078125,5685100
2024-03-13,22399.0,22944.05078125,22294.44921875,22928.150390625,9029700
2024-03-14,22623.69921875,22664.19921875,22296.650390625,22371.349609375,7546600
2024-03-15,22494.69921875,22613.900390625,22367.650390625,22548.55078125,12164500
2024-03-18,22541.150390625,22607.5,22393.69921875,22462.30078125,6007000
2024-03-19,22274.650390625,22471.900390625,22254.55078125,22449.19921875,5950100
2024-03-20,22307.75,22383.099609375,22140.19921875,22310.30078125,5526700
2024-03-21,22538.900390625,22583.05078125,22445.150390625,22472.599609375,6321700
2024-03-22,22633.80078125,22709.349609375,22414.5,22476.69921875,6300200
2024-03-26,22601.349609375,22650.400390625,22493.69921875,22494.150390625,6011300
2024-03-27,22698.5,22793.150390625,22661.69921875,22661.69921875,7109200
2024-03-28,22920.69921875,23090.19921875,22747.55078125,22747.55078125,6430100
2024-04-01,23107.150390625,23161.75,23058.650390625,23065.150390625,5613900
2024-04-02,23138.55078125,23162.55078125,23056.30078125,23124.30078125,7362000
2024-04-03,23136.599609375,23212.55078125,23038.19921875,23077.69921875,7570100
2024-04-04,23206.0,23327.94921875,23034.0,23304.19921875,8250000
2024-04-05,23240.55078125,23262.900390625,23128.900390625,23185.30078125,6501300
2024-04-08,23380.30078125,23422.30078125,23289.25,23324.900390625,5952700
2024-04-09,23348.900390625,23480.400390625,23304.5,23480.099609375,5808100
2024-04-10,23474.69921875,23494.80078125,23391.80078125,23431.94921875,6766700
2024-04-12,23254.900390625,23466.80078125,23244.400390625,23412.849609375,8035200
2024-04-15,22967.099609375,23139.30078125,22908.599609375,23026.69921875,8520000
2024-04-16,22870.30078125,22944.650390625,22798.19921875,22834.099609375,7200700
2024-04-18,22740.19921875,23080.5,22702.650390625,22964.05078125,9102200
2024-04-19,22859.80078125,22896.5,22469.05078125,22591.099609375,7326800
2024-04-22,23078.900390625,23115.650390625,22934.349609375,23067.30078125,6309700
2024-04-23,23116.0,23200.69921875,23098.94921875,23200.44921875,5402400
2024-04-24,23167.80078125,23230.650390625,23148.30078125,23177.0,5448200
2024-04-25,23329.80078125,23372.900390625,23092.349609375,23099.44921875,7980200
2024-04-26,23232.099609375,23392.80078125,23200.69921875,23389.19921875,7548300
2024-04-29,23443.80078125,23457.900390625,23250.900390625,23305.69921875,6718000
2024-04-30,23436.5,23618.69921875,23402.75,23499.75,9489800
2024-05-02,23541.30078125,23593.19921875,23421.900390625,23422.900390625,9537700
2024-05-03,23382.75,23693.5,23234.75,23668.5,8478400
2024-05-06,23297.75,23466.0,23256.400390625,23458.599609375,9072400
2024-05-07,23103.75,23355.80078125,23020.44921875,23350.5,8022200
2024-05-08,23166.0,23236.650390625,22982.849609375,23040.80078125,7374800
2024-05-09,22790.19921875,23190.400390625,22763.30078125,23114.599609375,7876500
2024-05-10,22909.099609375,22960.30078125,22784.650390625,22844.25,6481400
2024-05-13,22956.349609375,22988.349609375,22630.849609375,22904.400390625,7332100
2024-05-14,23118.19921875,23162.69921875,22942.25,22979.400390625,6817500
2024-05-15,23133.849609375,23224.849609375,23078.05078125,23177.80078125,6777900
2024-05-16,23343.55078125,23370.849609375,22997.5,23258.80078125,8457700
2024-05-17,23444.30078125,23466.0,23307.25,23368.349609375,7702400
2024-05-21,23569.900390625,23625.900390625,23449.75,23450.94921875,9859700
2024-05-22,23633.900390625,23663.400390625,23498.75,23634.5,8125900
2024-05-23,23982.349609375,24004.849609375,23632.44921875,23662.900390625,9824300
2024-05-24,23980.099609375,24060.75,23926.400390625,23962.19921875,7516500
2024-05-27,23959.849609375,24106.849609375,23903.30078125,24075.0,7615100
2024-05-28,23873.900390625,24028.150390625,23840.05078125,24011.44921875,6268900
2024-05-29,23687.69921875,23816.349609375,23670.94921875,23744.94921875,6800600
2024-05-30,23466.30078125,23696.19921875,23393.30078125,23609.900390625,8160500
2024-05-31,23518.05078125,23620.55078125,23439.69921875,23561.849609375,16943700
2024-06-03,24344.19921875,24445.19921875,24133.150390625,24444.69921875,15509100
2024-06-04,22739.599609375,24268.05078125,22003.75,24268.05078125,28987000
2024-06-05,23550.75,23597.19921875,22563.650390625,23027.69921875,17826100
2024-06-06,23806.94921875,23917.05078125,23627.44921875,23754.94921875,11616800
2024-06-07,24266.05078125,24291.349609375,23758.099609375,23812.94921875,9767300
2024-06-10,24271.150390625,24417.80078125,24229.150390625,24328.94921875,7961800
2024-06-11,24271.05078125,24403.650390625,24222.349609375,24306.400390625,7613900
2024-06-12,24348.80078125,24445.80078125,24313.400390625,24358.849609375,7520000
2024-06-13,24449.5,24527.150390625,24376.75,24527.05078125,7324900
2024-06-14,24571.650390625,24592.900390625,24411.150390625,24529.0,6718300
2024-06-18,24683.55078125,24700.599609375,24612.94921875,24689.75,7086100
2024-06-19,24599.900390625,24763.599609375,24499.30078125,24762.5,8627800
2024-06-20,24649.849609375,24695.5,24532.849609375,24668.650390625,6763400
2024-06-21,24555.5,24746.400390625,24480.30078125,24743.55078125,10694400
2024-06-24,24621.599609375,24635.849609375,24382.150390625,24443.75,6291900
2024-06-25,24757.80078125,24786.69921875,24626.0,24674.099609375,6549700
2024-06-26,24867.150390625,24888.30078125,24689.94921875,24754.650390625,7797800
2024-06-27,25026.55078125,25070.25,24819.599609375,24878.44921875,10641000
2024-06-28,25007.25,25165.80078125,24981.75,25075.650390625,8102600
2024-07-01,25155.69921875,25172.94921875,24996.650390625,25004.0,0
2024-07-02,25120.099609375,25247.599609375,25039.05078125,25241.75,0
2024-07-03,25306.900390625,25328.650390625,25211.0,25287.0,0
2024-07-04,25342.55078125,25433.400390625,25319.599609375,25394.349609375,5871900
2024-07-05,25391.25,25426.400390625,25229.30078125,25272.400390625,8555500
2024-07-08,25393.55078125,25427.25,25310.0,25414.5,9034500
2024-07-09,25515.099609375,25524.44921875,25414.25,25440.849609375,7457500
2024-07-10,25425.650390625,25557.69921875,25165.0,25557.650390625,8570600
2024-07-11,25433.75,25508.30078125,25312.0,25503.650390625,7462700
2024-07-12,25577.30078125,25677.69921875,25458.05078125,25514.75,9376500
2024-07-15,25696.05078125,25726.25,25599.349609375,25674.900390625,8263000
2024-07-16,25679.099609375,25762.25,25655.0,25736.099609375,7180900
2024-07-18,25784.80078125,25812.69921875,25501.599609375,25621.44921875,8659700
2024-07-19,25450.849609375,25821.099609375,25428.30078125,25820.44921875,8198400
2024-07-22,25490.400390625,25567.900390625,25275.099609375,25357.25,6912400
2024-07-23,25419.599609375,25575.44921875,24895.55078125,25566.19921875,10340700
2024-07-24,25389.0,25476.0,25288.5,25398.05078125,7739200
2024-07-25,25407.5,25428.599609375,25184.69921875,25203.0,8650900
2024-07-26,25841.900390625,25863.30078125,25438.69921875,25451.900390625,8085200
2024-07-29,25901.94921875,26040.69921875,25832.80078125,25966.099609375,10381400
2024-07-30,25914.099609375,26031.80078125,25869.099609375,25920.400390625,8309700
2024-07-31,26025.599609375,26054.30078125,25931.44921875,25960.400390625,7592400
2024-08-01,26057.80078125,26145.599609375,25983.650390625,26101.099609375,9220800
2024-08-02,25771.900390625,25930.849609375,25743.80078125,25833.75,10729300
2024-08-05,25043.05078125,25375.650390625,24871.55078125,25291.05078125,12672600
2024-08-06,24940.75,25427.349609375,24905.30078125,25199.19921875,8560700
2024-08-07,25349.0,25373.599609375,25171.650390625,25286.19921875,8032000
2024-08-08,25161.25,25383.0,25125.75,25314.0,6536900
2024-08-09,25425.400390625,25477.900390625,25362.900390625,25443.05078125,5263600
2024-08-12,25386.05078125,25501.30078125,25233.900390625,25356.19921875,6182600
2024-08-13,25155.150390625,25414.30078125,25131.80078125,25396.75,5645300
2024-08-14,25160.650390625,25224.19921875,25090.349609375,25210.0,6129100
2024-08-16,25578.5,25599.44921875,25221.25,25355.80078125,5763500
2024-08-19,25638.19921875,25701.400390625,25604.44921875,25699.94921875,5627600
2024-08-20,25782.349609375,25801.94921875,25673.900390625,25718.349609375,6500000
2024-08-21,25853.19921875,25871.599609375,25746.599609375,25775.69921875,5395000
2024-08-22,25910.44921875,25961.80078125,25877.5,25958.099609375,4868600
2024-08-23,25905.94921875,25972.05078125,25880.5,25956.30078125,5493500
2024-08-26,26076.80078125,26102.75,25952.94921875,25998.55078125,4603700
2024-08-27,26083.150390625,26134.849609375,26038.25,26098.75,4786200
2024-08-28,26116.80078125,26193.599609375,26033.94921875,26116.150390625,4761200
2024-08-29,26188.900390625,26222.349609375,26023.349609375,26107.44921875,6674200
2024-08-30,26274.349609375,26309.05078125,26242.55078125,26291.150390625,10228000
2024-09-02,26335.0,26383.5,26261.69921875,26383.44921875,5638600
2024-09-03,26341.69921875,26394.150390625,26309.0,26394.0,5431300
2024-09-04,26275.75,26291.0,26137.0,26143.0,5732100
2024-09-05,26239.099609375,26359.69921875,26222.0,26339.44921875,6010800
2024-09-06,25928.55078125,26254.849609375,25877.44921875,26195.400390625,7266500
2024-09-09,26011.25,26035.400390625,25786.30078125,25898.900390625,6089500
2024-09-10,26115.19921875,26214.75,25979.900390625,26086.5,6113100
2024-09-11,25987.80078125,26204.099609375,25950.05078125,26118.80078125,6634200
2024-09-12,26461.099609375,26497.5,26041.599609375,26145.900390625,7163700
2024-09-13,26419.900390625,26511.0,26387.099609375,26511.0,6001500
2024-09-16,26453.400390625,26522.0,26409.80078125,26486.80078125,4336200
2024-09-17,26471.30078125,26495.599609375,26408.05078125,26491.94921875,4848500
2024-09-18,26420.150390625,26525.849609375,26318.099609375,26461.900390625,5343500
2024-09-19,26425.25,26638.900390625,26332.75,26540.150390625,7189300
2024-09-20,26821.0,26879.0,26454.5,26532.44921875,10123000
2024-09-23,27024.099609375,27039.55078125,26898.19921875,26920.05078125,5640500
2024-09-24,27027.5,27087.900390625,26975.25,27013.599609375,7822100
2024-09-25,27051.650390625,27076.80078125,26921.94921875,26997.75,6010500
2024-09-26,27256.25,27284.900390625,27056.849609375,27068.30078125,7406100
2024-09-27,27253.849609375,27335.650390625,27228.25,27283.25,13164800
2024-09-30,26890.150390625,27203.0,26870.650390625,27147.349609375,7125900
2024-10-01,26885.25,26994.150390625,26828.5,26879.94921875,6214000
2024-10-03,26305.25,26713.099609375,26267.849609375,26511.55078125,8920900
2024-10-04,26056.0,26520.80078125,26007.55078125,26238.5,8284900
2024-10-07,25749.650390625,26189.94921875,25644.400390625,26141.650390625,8840500
2024-10-08,26057.349609375,26091.349609375,25698.5,25772.0,7460500
2024-10-09,26076.599609375,26331.19921875,26042.599609375,26129.30078125,6690500
2024-10-10,26079.44921875,26241.150390625,26059.94921875,26168.0,5319400
2024-10-11,26054.099609375,26118.099609375,26002.19921875,26077.400390625,3947800
2024-10-14,26197.900390625,26222.599609375,26105.599609375,26117.55078125,4198400
2024-10-15,26149.099609375,26291.55078125,26091.599609375,26272.650390625,4879600
2024-10-16,26058.099609375,26188.69921875,25987.80078125,26106.75,4833700
2024-10-17,25765.349609375,26109.80078125,25752.5,26105.55078125,5284700
2024-10-18,25853.80078125,25888.849609375,25547.55078125,25671.400390625,6449700
2024-10-21,25739.5,25991.44921875,25673.05078125,25956.849609375,5200500
2024-10-22,25348.05078125,25828.150390625,25322.599609375,25760.150390625,6980700
2024-10-23,25320.650390625,25491.69921875,25240.650390625,25266.400390625,8448300
2024-10-24,25275.5,25376.849609375,25217.94921875,25315.05078125,5620900
2024-10-25,25022.19921875,25326.599609375,24897.19921875,25305.30078125,7678800
2024-10-28,25175.19921875,25321.650390625,24932.75,25086.94921875,7561200
2024-10-29,25321.30078125,25339.099609375,24952.05078125,25171.94921875,7660900
2024-10-30,25195.05078125,25364.55078125,25164.5,25227.19921875,6998600
2024-10-31,25059.5,25235.900390625,25020.05078125,25207.80078125,6783300
2024-11-01,25184.599609375,25250.900390625,25157.599609375,25171.0,1253900
2024-11-04,24857.75,25195.400390625,24668.75,25192.94921875,7428900
2024-11-05,25060.80078125,25080.5,24671.69921875,24783.599609375,6767200
2024-11-06,25403.150390625,25443.30078125,25078.30078125,25167.5,7603500
2024-11-07,25110.69921875,25429.400390625,25097.80078125,25419.599609375,6498200
2024-11-08,25002.94921875,25186.55078125,24954.099609375,25118.25,5817100
2024-11-11,25013.30078125,25210.25,24845.349609375,24942.80078125,5662600
2024-11-12,24715.55078125,25132.650390625,24667.0,25094.349609375,5464400
2024-11-13,24347.0,24716.849609375,24293.900390625,24650.650390625,6914200
2024-11-14,24366.05078125,24508.30078125,24305.80078125,24348.80078125,6102800
2024-11-18,24301.0,24468.05078125,24195.349609375,24467.55078125,5753700
2024-11-19,24374.69921875,24640.150390625,24320.0,24386.150390625,6019600
2024-11-21,24135.099609375,24306.94921875,24014.25,24293.849609375,9536500
2024-11-22,24655.349609375,24704.55078125,24127.650390625,24185.349609375,7459900
2024-11-25,24993.650390625,25153.55078125,24938.80078125,25041.44921875,13779700
2024-11-26,24983.099609375,25113.69921875,24925.099609375,25112.150390625,4984000
2024-11-27,25115.150390625,25187.5,24948.80078125,25004.44921875,6707300
2024-11-28,24836.25,25230.099609375,24791.599609375,25135.900390625,7901900
2024-11-29,25053.94921875,25120.30078125,24856.75,24857.650390625,7467300
2024-12-02,25198.150390625,25221.099609375,24953.25,25063.55078125,5015000
2024-12-03,25393.25,25410.099609375,25221.30078125,25284.5,6731800
2024-12-04,25428.400390625,25521.30078125,25308.900390625,25443.25,7397400
2024-12-05,25657.849609375,25784.400390625,25274.80078125,25508.900390625,7174300
2024-12-06,25663.900390625,25735.55078125,25593.849609375,25693.30078125,7642200
2024-12-09,25594.19921875,25687.650390625,25556.05078125,25622.75,6242700
2024-12-10,25600.19921875,25659.94921875,25494.599609375,25634.150390625,5504200
2024-12-11,25635.05078125,25681.55078125,25575.349609375,25603.25,5283800
2024-12-12,25546.400390625,25668.19921875,25530.900390625,25606.650390625,5754700
2024-12-13,25724.599609375,25745.75,25148.900390625,25493.849609375,6288600
2024-12-16,25652.849609375,25748.349609375,25584.5,25719.849609375,4097700
2024-12-17,25321.650390625,25624.25,25288.349609375,25579.0,5477700
2024-12-18,25137.599609375,25358.80078125,25087.349609375,25290.69921875,4830700
2024-12-19,24884.94921875,24934.099609375,24776.44921875,24783.69921875,5422500
2024-12-20,24448.849609375,25002.0,24400.25,24902.599609375,10274800
2024-12-23,24599.75,24735.75,24502.80078125,24597.30078125,4929900
2024-12-24,24572.5,24715.69921875,24534.900390625,24617.30078125,3877800
2024-12-26,24611.349609375,24692.849609375,24509.0,24623.25,3700
2024-12-27,24632.0,24784.05078125,24618.099609375,24657.69921875,3286200
2024-12-30,24500.75,24732.099609375,24436.19921875,24623.099609375,11994100
2024-12-31,24495.55078125,24542.94921875,24300.75,24407.75,4577400
2025-01-02,25028.80078125,25054.849609375,24599.94921875,24637.150390625,5531400
2025-01-03,24879.849609375,25060.900390625,24849.900390625,25058.25,6687100
2025-01-06,24404.599609375,24929.150390625,24335.25,24920.400390625,7072500
2025-01-07,24478.099609375,24597.55078125,24411.650390625,24460.94921875,5856200
2025-01-08,24426.0,24521.44921875,24232.900390625,24515.599609375,5428100
2025-01-09,24232.30078125,24431.349609375,24213.69921875,24419.400390625,5216600
2025-01-10,24064.75,24288.75,23982.900390625,24252.80078125,6034800
2025-01-13,23586.80078125,23931.75,23548.75,23808.099609375,7455700
2025-01-14,23770.599609375,23850.0,23674.30078125,23679.69921875,7915200
2025-01-15,23839.25,23921.900390625,23755.55078125,23866.650390625,6108300
2025-01-16,23984.55078125,24049.099609375,23958.650390625,24036.75,6592700
2025-01-17,23926.0,23981.5,23802.44921875,23958.80078125,5451800
2025-01-20,24048.80078125,24118.55078125,23874.150390625,24017.599609375,6247800
2025-01-21,23664.75,24110.30078125,23630.80078125,24101.94921875,8384500
2025-01-22,23738.400390625,23755.0,23526.900390625,23731.650390625,7099900
2025-01-23,23823.25,23880.30078125,23667.05078125,23709.400390625,5462300
2025-01-24,23660.19921875,23930.099609375,23618.099609375,23810.19921875,5289700
2025-01-27,23319.94921875,23538.0,23277.849609375,23501.69921875,6218700
2025-01-28,23440.05078125,23630.849609375,23305.5,23460.349609375,8110300
2025-01-29,23696.25,23717.25,23468.849609375,23504.0,5907400
2025-01-30,23772.5,23852.69921875,23660.900390625,23714.30078125,7334900
2025-01-31,24053.44921875,24096.650390625,23788.5,23819.75,7796200
2025-02-03,23896.150390625,23917.900390625,23755.19921875,23888.30078125,7852400
2025-02-04,24279.650390625,24304.5,23975.349609375,24066.55078125,7489400
2025-02-05,24271.349609375,24382.5,24251.0,24348.44921875,6113300
2025-02-06,24161.0,24367.349609375,24108.94921875,24356.19921875,5580100
2025-02-07,24125.5,24262.69921875,24002.55078125,24207.80078125,6483700
2025-02-10,23897.0,24140.150390625,23826.30078125,24113.25,4848300
2025-02-11,23530.80078125,23906.400390625,23442.5,23897.55078125,6260000
2025-02-12,23508.349609375,23612.30078125,23188.849609375,23510.80078125,7434000
2025-02-13,23504.849609375,23729.900390625,23470.44921875,23527.19921875,5345200
2025-02-14,23325.150390625,23605.55078125,23165.900390625,23572.94921875,5665300
2025-02-17,23343.150390625,23361.900390625,23067.69921875,23202.0,5222600
2025-02-18,23331.400390625,23392.599609375,23174.900390625,23354.80078125,5003200
2025-02-19,23368.55078125,23471.5,23181.30078125,23223.55078125,5214100
2025-02-20,23411.400390625,23422.150390625,23253.19921875,23260.25,5548200
2025-02-21,23274.05078125,23442.349609375,23196.69921875,23359.900390625,5689700
2025-02-24,23021.69921875,23127.349609375,22985.75,23075.44921875,4495000
2025-02-25,22987.150390625,23101.900390625,22955.75,22993.150390625,5458700
2025-02-27,22948.30078125,23052.900390625,22911.30078125,23008.94921875,6125700
2025-02-28,22479.44921875,22839.44921875,22452.150390625,22821.150390625,12118200
2025-03-03,22514.19921875,22635.30078125,22327.94921875,22551.650390625,7028000
2025-03-04,22504.900390625,22535.44921875,22324.05078125,22357.75,6328400
2025-03-05,22818.80078125,22861.44921875,22493.94921875,22495.25,6581100
2025-03-06,23038.80078125,23053.94921875,22775.349609375,22982.55078125,6939900
2025-03-07,23027.69921875,23127.30078125,22956.349609375,23008.349609375,5775200
2025-03-10,22890.75,23155.25,22861.650390625,23005.099609375,6104100
2025-03-11,22942.69921875,22973.599609375,22714.80078125,22752.599609375,7044600
2025-03-12,22919.900390625,23039.0,22755.75,22990.5,6803300
2025-03-13,22837.849609375,23030.44921875,22817.0,23002.650390625,5706800
2025-03-17,22960.80078125,23029.349609375,22806.150390625,22806.150390625,4962600
2025-03-18,23340.400390625,23365.05078125,23055.94921875,23116.150390625,5919400
2025-03-19,23468.349609375,23503.25,23321.55078125,23390.400390625,6374400
2025-03-20,23730.69921875,23758.19921875,23509.849609375,23605.30078125,6126700
2025-03-21,23902.099609375,23958.55078125,23681.75,23712.5,10640600
2025-03-24,24214.19921875,24266.94921875,23989.80078125,24075.900390625,6801900
2025-03-25,24159.900390625,24409.75,24097.150390625,24326.0,7028000
2025-03-26,23990.400390625,24246.0,23958.94921875,24188.30078125,6679700
2025-03-27,24145.05078125,24194.75,23919.400390625,23934.900390625,16483400
2025-03-28,24057.349609375,24220.75,23992.80078125,24154.150390625,7313600
2025-04-01,23713.80078125,24110.599609375,23684.30078125,23902.30078125,6005800
2025-04-02,23901.849609375,23919.599609375,23683.900390625,23742.75,5337700
2025-04-03,23833.30078125,23874.650390625,23709.849609375,23715.94921875,5334500
2025-04-04,23433.25,23801.44921875,23375.25,23781.75,7725700
2025-04-07,22677.900390625,22767.19921875,22177.349609375,22186.25,9983300
2025-04-08,23077.650390625,23225.94921875,22794.19921875,22992.80078125,7191500
2025-04-09,22952.44921875,23012.400390625,22879.0,23011.80078125,5897600
2025-04-11,23369.25,23468.94921875,23257.75,23280.44921875,6183100
2025-04-15,23917.400390625,23946.5,23745.55078125,23917.599609375,6787400
2025-04-16,24037.25,24052.400390625,23865.0,23935.849609375,6122300
2025-04-17,24418.349609375,24444.19921875,23906.150390625,24005.5,7496100
2025-04-21,24725.80078125,24777.44921875,24475.0,24533.400390625,6700
2025-04-22,24770.44921875,24855.94921875,24663.80078125,24792.44921875,7067400
2025-04-23,24937.0,24958.5,24700.25,24950.150390625,6941000
2025-04-24,24860.900390625,24968.150390625,24824.099609375,24899.900390625,6411800
2025-04-25,24581.30078125,24986.849609375,24383.150390625,24906.099609375,7203100
2025-04-28,24874.0,24903.75,24590.099609375,24596.0,5484900
2025-04-29,24870.400390625,25016.5,24834.349609375,24929.80078125,6073200
2025-04-30,24843.80078125,24940.80078125,24710.30078125,24880.349609375,7071000
2025-05-02,24849.19921875,25098.400390625,24740.30078125,24822.44921875,6596200
2025-05-05,25010.19921875,25056.099609375,24915.349609375,24931.80078125,5882600
2025-05-06,24837.44921875,25056.400390625,24791.30078125,25050.599609375,5847300
2025-05-07,24887.19921875,24919.05078125,24644.80078125,24650.55078125,6741300
2025-05-08,24678.0,24932.25,24548.900390625,24910.400390625,7753800
2025-05-09,24437.55078125,24559.19921875,24303.55078125,24303.55078125,6332000
2025-05-12,25381.400390625,25401.25,24880.94921875,24907.19921875,6847000
2025-05-13,25087.099609375,25438.19921875,25059.5,25333.25,7875700
2025-05-14,25193.30078125,25289.25,25059.25,25126.099609375,6599100
2025-05-15,25573.05078125,25617.849609375,25049.5,25228.5,7528300
2025-05-16,25593.099609375,25619.44921875,25511.349609375,25584.25,7822900
2025-05-19,25551.5,25663.349609375,25524.5,25594.099609375,5486000
2025-05-20,25248.650390625,25627.5,25231.349609375,25612.849609375,6991900
2025-05-21,25409.099609375,25514.94921875,25252.900390625,25307.900390625,5577400
2025-05-22,25221.900390625,25340.19921875,25073.650390625,25334.80078125,5951900
2025-05-23,25453.0,25497.599609375,25225.150390625,25255.05078125,4452500
2025-05-26,25596.5,25677.55078125,25514.55078125,25527.44921875,4725500
2025-05-27,25436.349609375,25645.80078125,25319.30078125,25561.69921875,7505500
2025-05-28,25361.099609375,25483.099609375,25346.099609375,25450.94921875,8815000
2025-05-29,25436.30078125,25491.44921875,25296.849609375,25439.75,5803300
2025-05-30,25344.25,25471.849609375,25308.19921875,25421.30078125,12750100
2025-06-02,25333.650390625,25368.05078125,25158.80078125,25277.05078125,5903900
2025-06-03,25162.05078125,25461.55078125,25133.400390625,25405.150390625,6128000
2025-06-04,25240.650390625,25263.19921875,25128.44921875,25183.25,5975400
2025-06-05,25369.75,25507.75,25242.349609375,25314.599609375,6388000
2025-06-06,25638.80078125,25654.75,25303.05078125,25376.30078125,6805600
2025-06-09,25779.44921875,25800.25,25721.400390625,25795.349609375,5391200
2025-06-10,25785.5,25878.80078125,25727.099609375,25876.599609375,5637600
2025-06-11,25807.099609375,25892.900390625,25760.94921875,25815.44921875,6155200
2025-06-12,25511.55078125,25852.55078125,25459.5,25834.0,6017400
2025-06-13,25331.349609375,25361.0,25070.25,25070.599609375,5547200
2025-06-16,25556.75,25575.349609375,25280.55078125,25343.650390625,4937000
2025-06-17,25446.69921875,25591.69921875,25411.75,25588.75,4052300
2025-06-18,25398.05078125,25543.900390625,25335.150390625,25392.25,4072800
2025-06-19,25320.44921875,25446.69921875,25261.80078125,25388.19921875,5293200
2025-06-20,25648.80078125,25675.30078125,25318.400390625,25318.69921875,9868500
2025-06-23,25532.94921875,25615.5,25375.349609375,25468.19921875,4364600
2025-06-24,25631.599609375,25890.849609375,25589.400390625,25757.400390625,6706400
2025-06-25,25822.349609375,25839.25,25716.30078125,25743.849609375,4552700
2025-06-26,26121.099609375,26137.0,25849.44921875,25856.599609375,6635400
2025-06-27,26223.599609375,26239.94921875,26117.55078125,26156.55078125,8916800
2025-06-30,26139.5,26265.150390625,26088.150390625,26256.849609375,5151600
2025-07-01,26156.099609375,26209.900390625,26107.349609375,26179.349609375,4875500
2025-07-02,26068.05078125,26223.19921875,25987.19921875,26198.900390625,5243900
2025-07-03,26003.0,26173.599609375,25984.400390625,26116.599609375,5036700
2025-07-04,26066.650390625,26075.05078125,25938.05078125,26035.349609375,3686900
2025-07-07,26074.55078125,26106.69921875,26018.400390625,26063.19921875,3867700
2025-07-08,26126.05078125,26149.5,26028.349609375,26052.30078125,3815400
2025-07-09,26084.0,26159.55078125,26030.94921875,26121.75,4573900
2025-07-10,25971.349609375,26136.900390625,25958.05078125,26123.5,4295600
2025-07-11,25760.80078125,25947.099609375,25737.900390625,25885.599609375,4432800
2025-07-14,25724.150390625,25764.900390625,25644.599609375,25759.849609375,4604700
2025-07-15,25849.150390625,25891.19921875,25733.44921875,25740.30078125,4187100
2025-07-16,25872.19921875,25906.150390625,25777.25,25850.69921875,4739500
2025-07-17,25776.44921875,25902.80078125,25767.849609375,25896.0,4035600
2025-07-18,25623.5,25809.0,25586.25,25779.69921875,4846500
2025-07-21,25745.349609375,25765.25,25535.5,25652.94921875,4637300
2025-07-22,25703.900390625,25832.19921875,25686.25,25822.900390625,7572200
2025-07-23,25846.0,25857.0,25708.80078125,25778.150390625,5246500
2025-07-24,25701.900390625,25874.05078125,25648.55078125,25867.849609375,6328000
2025-07-25,25442.099609375,25650.94921875,25412.150390625,25650.94921875,4864200
2025-07-28,25285.0,25510.099609375,25251.400390625,25387.75,4479300
2025-07-29,25443.650390625,25468.099609375,25209.5,25216.94921875,4687700
2025-07-30,25476.05078125,25520.0,25389.849609375,25510.650390625,4646900
2025-07-31,25380.5,25560.5,25237.5,25241.69921875,5911000
2025-08-01,25149.599609375,25385.05078125,25120.30078125,25353.55078125,4542700
2025-08-04,25330.19921875,25342.55078125,25132.599609375,25178.650390625,4369100
2025-08-05,25257.94921875,25335.19921875,25189.0,25333.099609375,4057100
2025-08-06,25156.349609375,25275.19921875,25122.099609375,25256.69921875,4395900
2025-08-07,25185.150390625,25225.30078125,24916.25,25046.30078125,7998300
2025-08-08,24934.05078125,25182.400390625,24908.05078125,25145.099609375,4617000
2025-08-11,25172.19921875,25187.94921875,24916.599609375,24944.75,4155000
2025-08-12,25085.400390625,25292.349609375,25064.75,25156.94921875,3757100
2025-08-13,25223.25,25267.150390625,25141.150390625,25180.44921875,3909300
2025-08-14,25226.25,25271.75,25192.55078125,25222.94921875,4383900
2025-08-18,25492.349609375,25633.349609375,25478.5,25544.150390625,5524300
2025-08-19,25613.30078125,25627.599609375,25478.849609375,25511.400390625,4247200
2025-08-20,25689.30078125,25726.19921875,25570.55078125,25604.150390625,4804700
2025-08-21,25705.099609375,25780.55078125,25687.80078125,25778.19921875,4010500
2025-08-22,25495.599609375,25709.0,25485.55078125,25693.400390625,3509300
2025-08-25,25589.69921875,25643.150390625,25522.30078125,25581.80078125,3525400
2025-08-26,25313.5,25544.650390625,25291.44921875,25526.55078125,10854300
2025-08-28,25078.5,25308.19921875,25062.19921875,25308.19921875,5101800
2025-08-29,25003.05078125,25161.099609375,24979.80078125,25050.80078125,5256100
2025-09-01,25231.19921875,25241.0,25019.099609375,25019.099609375,3872300
2025-09-02,25215.05078125,25377.44921875,25159.900390625,25263.30078125,4194100
2025-09-03,25358.900390625,25378.0,25188.05078125,25255.19921875,4805600
2025-09-04,25355.150390625,25642.80078125,25328.19921875,25642.80078125,4790100
2025-09-05,25356.849609375,25455.5,25230.099609375,25438.69921875,3578000
2025-09-08,25402.0,25516.099609375,25375.150390625,25423.099609375,4015600
2025-09-09,25489.19921875,25508.44921875,25432.55078125,25488.69921875,3581300
2025-09-10,25596.94921875,25662.75,25539.650390625,25608.400390625,4332800
2025-09-11,25638.75,25669.44921875,25572.19921875,25577.55078125,4869700
2025-09-12,25745.099609375,25768.650390625,25672.44921875,25711.650390625,4239900
2025-09-15,25733.55078125,25781.150390625,25712.69921875,25761.150390625,3764800
2025-09-16,25903.55078125,25925.099609375,25737.599609375,25748.599609375,4330900
2025-09-17,25990.44921875,26013.94921875,25937.94921875,25947.55078125,5060300
2025-09-18,26081.849609375,26103.150390625,25991.69921875,26095.349609375,4541800
2025-09-19,26025.849609375,26103.55078125,25976.75,26089.05078125,7781300
2025-09-22,25934.5,26066.80078125,25882.400390625,25955.80078125,6153200
2025-09-23,25886.0,25995.30078125,25805.05078125,25958.849609375,7123700
2025-09-24,25736.349609375,25870.400390625,25719.55078125,25833.25,6079600
2025-09-25,25562.0,25782.80078125,25547.650390625,25717.05078125,6852100
2025-09-26,25287.099609375,25537.19921875,25261.349609375,25497.650390625,5473500
2025-09-29,25314.849609375,25444.55078125,25251.0,25363.30078125,7004500
2025-09-30,25295.150390625,25415.44921875,25258.30078125,25370.150390625,5839700
2025-10-01,25502.94921875,25527.69921875,25293.75,25303.099609375,5659100
2025-10-03,25569.30078125,25580.5,25412.30078125,25445.19921875,6808400
2025-10-06,25740.94921875,25750.94921875,25550.0,25593.44921875,5076400
2025-10-07,25772.25,25871.05078125,25742.849609375,25754.150390625,5250600
2025-10-08,25685.900390625,25839.30078125,25658.19921875,25748.650390625,4563000
2025-10-09,25825.69921875,25839.44921875,25662.94921875,25719.19921875,4778100
2025-10-10,25924.75,25975.349609375,25799.94921875,25819.75,4466700
2025-10-13,25867.75,25900.849609375,25781.150390625,25815.80078125,4481800
2025-10-14,25775.150390625,25954.69921875,25694.19921875,25922.0,5160100
2025-10-15,25984.05078125,26017.55078125,25809.94921875,25817.69921875,5482400
2025-10-16,26229.19921875,26265.400390625,26034.75,26055.150390625,6469900
2025-10-17,26329.80078125,26403.44921875,26167.900390625,26196.599609375,7651800
2025-10-20,26449.75,26536.94921875,26400.55078125,26445.80078125,5820100
2025-10-21,26475.849609375,26550.0,26431.80078125,26521.599609375,1008800
2025-10-23,26490.05078125,26700.0,26459.19921875,26654.19921875,7353200
2025-10-24,26402.80078125,26540.900390625,26327.94921875,26533.44921875,4995000
2025-10-27,26565.0,26596.75,26435.55078125,26457.80078125,4919800
2025-10-28,26517.44921875,26636.349609375,26400.30078125,26551.400390625,6502600
2025-10-29,26679.25,26713.30078125,26551.05078125,26566.30078125,7561100
2025-10-30,26518.849609375,26662.80078125,26481.55078125,26630.19921875,6185100
2025-10-31,26369.5,26595.150390625,26357.55078125,26512.5,6706300
2025-11-03,26445.849609375,26483.30078125,26321.400390625,26358.55078125,637900
2025-11-04,26284.44921875,26465.599609375,26267.05078125,26430.55078125,5446800
2025-11-06,26154.94921875,26353.900390625,26137.099609375,26288.0,5895500
2025-11-07,26144.19921875,26204.25,25935.150390625,26075.94921875,5338300
2025-11-10,26230.80078125,26311.55078125,26162.94921875,26162.94921875,4234900
2025-11-11,26340.0,26357.69921875,26088.900390625,26269.650390625,5146700
2025-11-12,26500.0,26558.0,26427.69921875,26475.05078125,5521700
2025-11-13,26505.599609375,26635.849609375,26437.19921875,26532.69921875,6221000
2025-11-14,26528.0,26556.44921875,26371.0,26408.599609375,7458000
2025-11-17,26639.400390625,26652.55078125,26538.099609375,26574.900390625,4795400
2025-11-18,26519.0,26660.099609375,26486.25,26654.19921875,4574100
2025-11-19,26640.5,26661.099609375,26459.099609375,26528.30078125,4477600
2025-11-20,26755.5,26815.94921875,26652.75,26724.80078125,4001700
2025-11-21,26593.19921875,26727.099609375,26578.75,26677.400390625,4009700
2025-11-24,26458.25,26650.75,26415.5,26640.599609375,7883700
2025-11-25,26405.30078125,26535.30078125,26380.44921875,26493.650390625,4256300
2025-11-26,26743.05078125,26753.75,26377.650390625,26377.650390625,4485000
2025-11-27,26744.349609375,26833.19921875,26670.25,26800.94921875,4136200
2025-11-28,26737.80078125,26803.25,26701.400390625,26763.25,4153300
2025-12-01,26719.75,26859.5,26663.599609375,26859.400390625,3848400
2025-12-02,26592.849609375,26709.5,26554.150390625,26638.150390625,9202500
2025-12-03,26506.099609375,26623.69921875,26418.150390625,26572.900390625,5447700
2025-12-04,26557.0,26627.44921875,26471.400390625,26505.400390625,4303900
2025-12-05,26696.900390625,26711.94921875,26509.400390625,26527.69921875,4134100
2025-12-08,26415.55078125,26690.75,26346.400390625,26673.599609375,5218500
2025-12-09,26337.349609375,26408.599609375,26162.55078125,26320.900390625,5082300
2025-12-10,26259.25,26462.599609375,26238.05078125,26362.94921875,3934400
2025-12-11,26402.44921875,26425.150390625,26188.75,26275.25,3981800
2025-12-12,26565.099609375,26576.80078125,26447.69921875,26477.25,4316600
2025-12-15,26555.349609375,26570.849609375,26415.75,26460.19921875,3833200
2025-12-16,26394.5,26509.30078125,26365.5,26489.25,4497400
2025-12-17,26342.650390625,26472.30078125,26291.650390625,26435.849609375,4030700
2025-12-18,26324.650390625,26410.900390625,26222.44921875,26295.44921875,3546400
2025-12-19,26488.0,26500.30078125,26391.400390625,26414.19921875,5804400
2025-12-22,26693.19921875,26701.75,26565.30078125,26579.400390625,4324500
2025-12-23,26713.150390625,26766.599609375,26650.25,26734.05078125,4147000
2025-12-24,26674.5,26773.25,26653.05078125,26713.75,3514800
2025-12-26,26589.349609375,26692.150390625,26551.69921875,26658.5,4297400
2025-12-29,26483.44921875,26641.900390625,26460.05078125,26612.349609375,4988600
2025-12-30,26482.55078125,26522.400390625,26411.5,26479.849609375,6732800
2025-12-31,26689.30078125,26744.400390625,26519.099609375,26520.80078125,4585000
2026-01-02,26925.30078125,26936.0,26723.25,26739.849609375,6136700
2026-01-05,26858.150390625,26975.150390625,26806.25,26936.650390625,5498900
2026-01-06,26808.75,26892.599609375,26742.150390625,26813.55078125,5856600
2026-01-07,26781.80078125,26828.94921875,26702.80078125,26783.30078125,5103200
2026-01-08,26462.599609375,26772.5,26439.69921875,26748.94921875,5459100
2026-01-09,26252.94921875,26536.44921875,26187.0,26422.80078125,5522200
2026-01-12,26357.400390625,26380.5,26020.44921875,26244.650390625,4792500
2026-01-13,26296.75,26462.75,26150.55078125,26462.05078125,5082900
2026-01-14,26256.30078125,26373.19921875,26196.05078125,26220.400390625,6511700
2026-01-16,26285.30078125,26468.69921875,26248.44921875,26287.400390625,7049600
2026-01-19,26181.94921875,26246.099609375,26104.94921875,26245.94921875,7386600
2026-01-20,25780.94921875,26182.30078125,25719.25,26174.30078125,7323100
2026-01-21,25701.400390625,25848.650390625,25443.849609375,25687.30078125,6683500
2026-01-22,25860.25,26008.400390625,25739.599609375,25890.30078125,7023900
2026-01-23,25570.5,25922.900390625,25541.650390625,25921.80078125,7066700
2026-01-27,25706.150390625,25778.05078125,25452.099609375,25610.349609375,9382900
2026-01-28,25943.80078125,25963.25,25766.55078125,25790.69921875,8873900
2026-01-29,26021.69921875,26053.900390625,25765.900390625,25951.650390625,10109100
2026-01-30,25902.0,25950.19921875,25785.69921875,25858.69921875,9006500
2026-02-02,25655.349609375,25677.05078125,25212.400390625,25366.849609375,7636700
2026-02-03,26313.19921875,26893.849609375,26216.5,26849.75,10620100
2026-02-04,26382.69921875,26419.900390625,26129.25,26270.80078125,7656000
2026-02-05,26248.30078125,26354.05078125,26182.80078125,26351.75,6000
2026-02-06,26297.30078125,26309.25,26069.5,26204.25,6331500
2026-02-09,26487.80078125,26508.150390625,26380.400390625,26487.75,5973200
2026-02-10,26552.099609375,26601.05078125,26488.69921875,26548.400390625,7003200
2026-02-11,26592.30078125,26626.150390625,26524.349609375,26619.099609375,5668600
2026-02-12,26448.05078125,26552.25,26381.900390625,26552.25,6290500
2026-02-13,26092.400390625,26252.80078125,26063.75,26212.25,6712700
2026-02-16,26315.349609375,26331.30078125,25981.44921875,26034.69921875,4299800
2026-02-17,26375.099609375,26406.150390625,26214.0,26273.099609375,5399400
2026-02-18,26484.599609375,26495.19921875,26302.19921875,26404.400390625,4961700
2026-02-19,26090.69921875,26542.69921875,26022.69921875,26533.650390625,4722500
2026-02-20,26217.30078125,26307.400390625,26017.5,26042.599609375,5058000
2026-02-23,26355.400390625,26425.25,26249.150390625,26333.400390625,5036400
2026-02-24,26112.19921875,26280.44921875,25988.0,26280.44921875,6521800
2026-02-25,26200.5,26347.349609375,26131.44921875,26204.150390625,6865600
2026-02-26,26226.849609375,26290.349609375,26113.25,26272.099609375,6380300
2026-02-27,25897.55078125,26211.44921875,25861.849609375,26195.55078125,6816200
2026-03-02,25563.5,25699.55078125,25288.75,25308.30078125,8210200
2026-03-04,25118.25,25239.19921875,24961.150390625,25087.099609375,9358000
2026-03-05,25420.099609375,25505.099609375,25175.19921875,25253.099609375,7827000
2026-03-06,25134.900390625,25375.19921875,25101.69921875,25316.19921875,6850300
2026-03-09,24685.650390625,24733.150390625,24338.75,24556.75,8241900
2026-03-10,24957.80078125,25001.94921875,24753.05078125,24955.599609375,7015000
2026-03-11,24574.55078125,25020.5,24538.80078125,24941.599609375,6397800
2026-03-12,24375.099609375,24564.69921875,24235.69921875,24386.55078125,8617000
2026-03-13,23849.25,24237.0,23810.80078125,24205.75,8062900
2026-03-16,24055.400390625,24155.849609375,23608.94921875,23814.94921875,9026900
2026-03-17,24237.80078125,24310.69921875,23992.69921875,24143.80078125,7094200
2026-03-18,24446.44921875,24529.599609375,24283.650390625,24293.19921875,6244000
2026-03-19,23651.94921875,24043.400390625,23575.150390625,23890.099609375,7696000
2026-03-20,23766.099609375,24021.75,23725.05078125,23773.25,10109900
2026-03-23,23098.25,23504.19921875,23054.30078125,23478.80078125,8691900
2026-03-24,23499.30078125,23654.75,23192.55078125,23489.5,8732500
2026-03-25,23915.150390625,24072.599609375,23672.05078125,23672.5,8187300
2026-03-27,23400.05078125,23792.849609375,23385.25,23782.94921875,10559900
2026-03-30,22875.5,23289.5,22829.94921875,23114.150390625,10847200
2026-04-01,23272.75,23528.0,23206.0,23472.25,8863200
2026-04-02,23304.19921875,23370.5,22720.44921875,22971.05078125,8624600
2026-04-06,23579.44921875,23609.25,23159.75,23376.900390625,8553600
2026-04-07,23730.25,23757.349609375,23326.0,23453.19921875,7526900
2026-04-08,24666.69921875,24690.30078125,24470.30078125,24503.400390625,11428500
2026-04-09,24486.5,24682.5,24390.05078125,24587.55078125,7892600
2026-04-10,24809.80078125,24831.30078125,24579.30078125,24602.599609375,8063800
2026-04-13,24599.650390625,24666.55078125,24259.19921875,24314.19921875,8728900
2026-04-15,25023.69921875,25063.55078125,24925.599609375,24942.55078125,8117000
2026-04-16,25042.30078125,25216.25,24925.599609375,25186.94921875,8645300
2026-04-17,25238.900390625,25253.150390625,24955.19921875,25022.55078125,8426400
2026-04-20,25252.900390625,25379.30078125,25096.650390625,25275.599609375,7320700
2026-04-21,25464.0,25487.900390625,25268.0,25276.94921875,7226800
2026-04-22,25329.94921875,25425.849609375,25280.650390625,25369.900390625,8235600
2026-04-23,25094.94921875,25252.900390625,25073.0,25169.400390625,8513800
2026-04-24,24827.30078125,25138.05078125,24725.150390625,25039.349609375,7491700
2026-04-27,25052.25,25089.150390625,24880.55078125,24888.30078125,7474300
2026-04-28,24955.0,25131.150390625,24922.349609375,25013.650390625,8915300
2026-04-29,25106.099609375,25271.849609375,25010.599609375,25060.25,8599700
2026-04-30,24896.0,24984.80078125,24688.150390625,24927.19921875,8687100
2026-05-04,25041.099609375,25191.69921875,24924.44921875,24973.69921875,7660300
2026-05-05,24990.30078125,25033.0,24831.400390625,24982.80078125,7146300
2026-05-06,25312.599609375,25332.25,24973.19921875,25148.80078125,8205300
2026-05-07,25319.5,25460.900390625,25267.900390625,25388.849609375,7989800
2026-05-08,25168.599609375,25247.150390625,25125.349609375,25235.69921875,5972900
2026-05-11,24784.80078125,24976.80078125,24767.25,24964.599609375,6944200
2026-05-12,24303.05078125,24735.75,24269.349609375,24694.30078125,7685500
2026-05-13,24369.05078125,24538.75,24184.099609375,24282.30078125,7846100
2026-05-14,24654.400390625,24739.0,24364.900390625,24503.900390625,7863200
2026-05-15,24572.150390625,24775.099609375,24540.400390625,24702.55078125,7760900
2026-05-18,24534.25,24578.69921875,24193.44921875,24406.150390625,6977100
2026-05-19,24531.69921875,24684.099609375,24501.05078125,24568.80078125,7231500
2026-05-20,24590.599609375,24619.05078125,24303.150390625,24368.349609375,6461100
2026-05-21,24596.400390625,24808.849609375,24546.0,24775.30078125,6501600
2026-05-22,24669.30078125,24772.0,24613.30078125,24621.19921875,5812600
2026-05-25,25001.69921875,25025.599609375,24883.099609375,24899.849609375,6991100
2026-05-26,24910.099609375,25066.80078125,24872.150390625,24982.19921875,7322700
2026-05-27,24970.849609375,25014.30078125,24877.94921875,24888.349609375,8604200
2026-05-29,24608.44921875,25082.099609375,24544.94921875,24992.400390625,18409000
2026-06-01,24393.05078125,24789.75,24369.849609375,24722.30078125,7026200
2026-06-02,24491.30078125,24555.599609375,24217.400390625,24234.150390625,8178000
2026-06-03,24408.30078125,24467.05078125,24146.30078125,24435.5,7073900
2026-06-04,24427.69921875,24486.80078125,24255.400390625,24291.900390625,6392500
2026-06-05,24397.30078125,24544.599609375,24301.5,24500.19921875,6658100
2026-06-08,24111.099609375,24285.05078125,24065.25,24100.0,6141800
2026-06-09,24275.599609375,24309.30078125,24128.55078125,24251.0,7024400
2026-06-10,24200.75,24433.400390625,24166.150390625,24269.5,6320400
2026-06-11,24104.69921875,24270.19921875,24036.349609375,24082.849609375,6427800
2026-06-12,24602.25,24625.5,24271.69921875,24378.900390625,6321200
2026-06-15,24907.849609375,25076.44921875,24870.400390625,24984.150390625,7079000
2026-06-16,25029.900390625,25044.94921875,24932.69921875,24977.349609375,5400400
2026-06-17,25141.80078125,25154.69921875,25001.400390625,25080.650390625,9116500
2026-06-18,25233.650390625,25257.099609375,25089.400390625,25142.0,10422300
2026-06-19,25086.650390625,25120.0,24969.0,25071.44921875,9796600
2026-06-22,25209.55078125,25238.94921875,25147.0,25182.599609375,6216200
2026-06-23,24907.80078125,25230.44921875,24867.44921875,25182.55078125,8870700
2026-06-24,25075.94921875,25148.349609375,24872.69921875,24880.69921875,7561700
2026-06-25,25114.099609375,25317.099609375,25096.25,25182.75,8533900
